{"humidity": 1.8060301676447577, "wind_speed": -0.7632695835690056}