{"humidity": 0.9276966991663664, "wind_speed": -1.7025910070009502}